{
  "kappa_scale_from_mZ": 18.401876281771855,
  "lambda_Z_surrogate": 4.95534252071495,
  "masses": [
    {
      "sector": "u",
      "m1": 14.927468551974028,
      "m2": 34.20690530320155,
      "m3": 37.20971861373655
    },
    {
      "sector": "d",
      "m1": 17.162264485168727,
      "m2": 75.5605856847801,
      "m3": 77.81947338797625
    },
    {
      "sector": "l",
      "m1": 14.084822089192173,
      "m2": 91.1876,
      "m3": 10.37142037243536
    },
    {
      "sector": "nu",
      "m1": 37.33503247150484,
      "m2": 40.79106716162362,
      "m3": 44.37292775506412
    }
  ],
  "ckm_abs": [
    [
      0.9980529746134073,
      0.05348628315473975,
      0.02020632228305236
    ],
    [
      0.0552552171365616,
      0.9943702586670008,
      0.010879603666532954
    ],
    [
      0.016989876012588268,
      0.002036506208331332,
      0.9869813980868632
    ]
  ],
  "pmns_abs": [
    [
      0.9923871499437913,
      0.06330973228200701,
      0.00949498650074772
    ],
    [
      0.06361594109815544,
      0.9898324884462503,
      0.04562185409871585
    ],
    [
      0.011397199315799798,
      0.04901947982706347,
      0.9894428787885986
    ]
  ],
  "ckm_angles_deg": [
    3.066628041198657,
    0.6234949739485086,
    1.1578157839045624,
    -0.0
  ],
  "pmns_angles_deg": [
    3.629971859492161,
    2.6149652595598556,
    0.5440308277309209,
    -0.0
  ],
  "VERSION": "3.2",
  "PROGRAM_HASH": "ADAPTIVE-3LEVEL-9F27A",
  "CONFIG_VERSION": "3.3-universal",
  "CONFIG_HASH": "CFG-UNIVERSAL-20250916"
}