{
  "kappa_scale_from_mZ": 20.203086382356027,
  "lambda_Z_surrogate": 4.513547993322294,
  "masses": [
    {
      "sector": "u",
      "m1": 41.01310211884614,
      "m2": 44.77791911357218,
      "m3": 48.74880427744714
    },
    {
      "sector": "d",
      "m1": 19.039494685601646,
      "m2": 56.8712876158431,
      "m3": 60.802424718894045
    },
    {
      "sector": "l",
      "m1": 17.227903754086164,
      "m2": 19.305897450236298,
      "m3": 91.1876
    },
    {
      "sector": "nu",
      "m1": 40.98942406927776,
      "m2": 44.78375463096368,
      "m3": 48.716223608476966
    }
  ],
  "ckm_abs": [
    [
      0.9807414797426542,
      0.05338588955029436,
      0.008409767940130325
    ],
    [
      0.05343859350885078,
      0.9789373174534367,
      0.04075204239101924
    ],
    [
      0.009996585196621261,
      0.04309756027170721,
      0.9781039084802114
    ]
  ],
  "pmns_abs": [
    [
      0.9892000566832312,
      0.043374378983303236,
      0.009351523122301085
    ],
    [
      0.04392462825632362,
      0.9875589729911749,
      0.02083237098065495
    ],
    [
      0.009164521174476215,
      0.02499610851207173,
      0.9860046032662884
    ]
  ],
  "ckm_angles_deg": [
    3.060349299258871,
    2.335649437928263,
    0.4818498895087828,
    -0.0
  ],
  "pmns_angles_deg": [
    2.4860575298396475,
    1.193745492229303,
    0.5358106166480393,
    -0.0
  ],
  "VERSION": "3.2",
  "PROGRAM_HASH": "ADAPTIVE-3LEVEL-9F27A",
  "CONFIG_VERSION": "3.3-universal",
  "CONFIG_HASH": "CFG-UNIVERSAL-20250916"
}