{
  "kappa_scale_from_mZ": 90.170486789937,
  "lambda_Z_surrogate": 1.0112798904194948,
  "masses": [
    {
      "sector": "u",
      "m1": 72.70521440704205,
      "m2": 166.326982464545,
      "m3": 182.39189711855428
    },
    {
      "sector": "d",
      "m1": 216.7998438337011,
      "m2": 235.7576413378262,
      "m3": 252.91929339484932
    },
    {
      "sector": "l",
      "m1": 72.30346651037578,
      "m2": 81.30427655835,
      "m3": 91.1876
    },
    {
      "sector": "nu",
      "m1": 182.94423349303113,
      "m2": 199.87909735547424,
      "m3": 217.43042627445482
    }
  ],
  "ckm_abs": [
    [
      0.9981628429572703,
      0.05354475213778307,
      0.0089515617269326
    ],
    [
      0.053520926975673,
      0.9966024225381801,
      0.03848580586681056
    ],
    [
      0.010610645390599329,
      0.039877258649469505,
      0.9969256584242805
    ]
  ],
  "pmns_abs": [
    [
      0.9971623340851923,
      0.07237305233286624,
      0.009370747343305435
    ],
    [
      0.07236392856768552,
      0.9943649755374245,
      0.05665844922009437
    ],
    [
      0.012779576074443435,
      0.05864418149847634,
      0.9948308711784705
    ]
  ],
  "ckm_angles_deg": [
    3.0694792667693576,
    2.205707371704672,
    0.5128935568921446,
    -0.0
  ],
  "pmns_angles_deg": [
    4.1504815060194105,
    3.2481721589571597,
    0.5369121316404388,
    -0.0
  ],
  "VERSION": "3.2",
  "PROGRAM_HASH": "ADAPTIVE-3LEVEL-9F27A",
  "CONFIG_VERSION": "3.3-universal",
  "CONFIG_HASH": "CFG-UNIVERSAL-20250916"
}